{"cameraMode":{"drawMode":0,"name":"Shaded","section":"Shading Mode"},"sceneLighting":true,"audioPlay":false,"sceneViewState":{"showFog":true,"showMaterialUpdate":false,"showSkybox":true,"showFlares":true,"showImageEffects":true,"showParticleSystems":true},"in2DMode":false,"pivot":{"x":66.77210235595703,"y":6.549930572509766,"z":-221.48410034179688},"rotation":{"x":-0.37168198823928835,"y":0.11788995563983917,"z":-0.04764792323112488,"w":-0.9196109175682068},"size":7.986835956573486,"orthographic":false}